username,user id,access hash,group,group id,status
codingchry,719706909,5236437175904468074,ğŸ‡®ğŸ‡¹ Programmazione e ğŸ¤¬ ğŸ˜€,1334105510,2024-07-31 13:20:27+00:00
bettistaprof3,7190484560,2857912058941132866,ğŸ‡®ğŸ‡¹ Programmazione e ğŸ¤¬ ğŸ˜€,1334105510,UserStatusRecently
yaya5zizou,1407905113,-6306519603654406373,ğŸ‡®ğŸ‡¹ Programmazione e ğŸ¤¬ ğŸ˜€,1334105510,2024-07-31 13:09:20+00:00
MikSco,105081530,-4865035681051914627,ğŸ‡®ğŸ‡¹ Programmazione e ğŸ¤¬ ğŸ˜€,1334105510,2024-07-31 13:01:19+00:00
nerosincero,1053803161,-7037911454852344655,ğŸ‡®ğŸ‡¹ Programmazione e ğŸ¤¬ ğŸ˜€,1334105510,UserStatusRecently
asdraban,817407954,-4977030355147302654,ğŸ‡®ğŸ‡¹ Programmazione e ğŸ¤¬ ğŸ˜€,1334105510,2024-07-31 12:32:32+00:00
lamerz_criuz,30572916,7684495432791535221,ğŸ‡®ğŸ‡¹ Programmazione e ğŸ¤¬ ğŸ˜€,1334105510,UserStatusRecently
vtoran,5811653366,-2288090528285925545,ğŸ‡®ğŸ‡¹ Programmazione e ğŸ¤¬ ğŸ˜€,1334105510,2024-07-25 11:13:53+00:00
Lory090,138502230,6187711907473069059,ğŸ‡®ğŸ‡¹ Programmazione e ğŸ¤¬ ğŸ˜€,1334105510,UserStatusRecently
tasuboyz,1026795763,9185376389583806983,ğŸ‡®ğŸ‡¹ Programmazione e ğŸ¤¬ ğŸ˜€,1334105510,UserStatusRecently
Defalto_O,6193118652,1396878641767411323,ğŸ‡®ğŸ‡¹ Programmazione e ğŸ¤¬ ğŸ˜€,1334105510,UserStatusRecently
CodeEx04,512101399,8155385114766646813,ğŸ‡®ğŸ‡¹ Programmazione e ğŸ¤¬ ğŸ˜€,1334105510,UserStatusRecently
gatto_pizza,324395512,7991216434621621629,ğŸ‡®ğŸ‡¹ Programmazione e ğŸ¤¬ ğŸ˜€,1334105510,2024-07-30 19:49:22+00:00
gshphr,6609918023,4963931096608752205,ğŸ‡®ğŸ‡¹ Programmazione e ğŸ¤¬ ğŸ˜€,1334105510,UserStatusLastMonth
JacopoMii,233411725,5457589434078166303,ğŸ‡®ğŸ‡¹ Programmazione e ğŸ¤¬ ğŸ˜€,1334105510,UserStatusRecently
letsgon,7001443376,5559472313357109204,ğŸ‡®ğŸ‡¹ Programmazione e ğŸ¤¬ ğŸ˜€,1334105510,2024-07-31 12:59:50+00:00
albo289,158266885,4793859555406746053,ğŸ‡®ğŸ‡¹ Programmazione e ğŸ¤¬ ğŸ˜€,1334105510,2024-07-31 13:19:38+00:00
,5856211464,3139551454239901675,ğŸ‡®ğŸ‡¹ Programmazione e ğŸ¤¬ ğŸ˜€,1334105510,2024-07-30 08:43:15+00:00
,5026135440,6792588637974058217,ğŸ‡®ğŸ‡¹ Programmazione e ğŸ¤¬ ğŸ˜€,1334105510,2024-07-28 12:38:01+00:00
ilyTrky125,7163700677,-2826633352810629681,ğŸ‡®ğŸ‡¹ Programmazione e ğŸ¤¬ ğŸ˜€,1334105510,2024-07-12 03:09:37+00:00
antoniopiophoto,123707629,4058890234340209119,ğŸ‡®ğŸ‡¹ Programmazione e ğŸ¤¬ ğŸ˜€,1334105510,2024-07-31 13:15:32+00:00
kekks0,418803479,7827703622557775288,ğŸ‡®ğŸ‡¹ Programmazione e ğŸ¤¬ ğŸ˜€,1334105510,UserStatusRecently
,7154317849,2244192232367468984,ğŸ‡®ğŸ‡¹ Programmazione e ğŸ¤¬ ğŸ˜€,1334105510,NoneType
El_cris70,457785732,-7355252753364238924,ğŸ‡®ğŸ‡¹ Programmazione e ğŸ¤¬ ğŸ˜€,1334105510,UserStatusRecently
errordignitynotfound,498858061,-4663467236538775665,ğŸ‡®ğŸ‡¹ Programmazione e ğŸ¤¬ ğŸ˜€,1334105510,2024-07-31 12:27:25+00:00
GV2222,229948155,320751652895593675,ğŸ‡®ğŸ‡¹ Programmazione e ğŸ¤¬ ğŸ˜€,1334105510,UserStatusRecently
JackTrainer,6385975105,6642599265160717250,ğŸ‡®ğŸ‡¹ Programmazione e ğŸ¤¬ ğŸ˜€,1334105510,2024-07-30 20:35:34+00:00
HighMarck,436775503,-7893621134368725745,ğŸ‡®ğŸ‡¹ Programmazione e ğŸ¤¬ ğŸ˜€,1334105510,UserStatusRecently
Webncsite,579396868,7340570528332728837,ğŸ‡®ğŸ‡¹ Programmazione e ğŸ¤¬ ğŸ˜€,1334105510,2024-07-30 12:57:22+00:00
Enperillo68,2042948661,-1245993604241490497,ğŸ‡®ğŸ‡¹ Programmazione e ğŸ¤¬ ğŸ˜€,1334105510,2024-07-08 18:27:46+00:00
,7131122198,-1841043279777043647,ğŸ‡®ğŸ‡¹ Programmazione e ğŸ¤¬ ğŸ˜€,1334105510,NoneType
Gio_1k,384173084,-8458175738818412843,ğŸ‡®ğŸ‡¹ Programmazione e ğŸ¤¬ ğŸ˜€,1334105510,UserStatusRecently
Anonymousdev59f,5493051053,-7051431351652731413,ğŸ‡®ğŸ‡¹ Programmazione e ğŸ¤¬ ğŸ˜€,1334105510,UserStatusRecently
Miclemattiol,784531224,-4469570846533728025,ğŸ‡®ğŸ‡¹ Programmazione e ğŸ¤¬ ğŸ˜€,1334105510,2024-07-28 08:59:26+00:00
RichieHard,322173715,-7343505514699653104,ğŸ‡®ğŸ‡¹ Programmazione e ğŸ¤¬ ğŸ˜€,1334105510,2024-07-30 22:41:38+00:00
itsonlylaze,6613208884,-3563279657075786030,ğŸ‡®ğŸ‡¹ Programmazione e ğŸ¤¬ ğŸ˜€,1334105510,2024-07-31 12:37:59+00:00
pagazz45,294042499,8418125623133784024,ğŸ‡®ğŸ‡¹ Programmazione e ğŸ¤¬ ğŸ˜€,1334105510,UserStatusLastWeek
lPirlo21l,858277070,2654841031350589033,ğŸ‡®ğŸ‡¹ Programmazione e ğŸ¤¬ ğŸ˜€,1334105510,2024-07-31 13:16:39+00:00
SquallStrifeX,197310844,-6397556113678513396,ğŸ‡®ğŸ‡¹ Programmazione e ğŸ¤¬ ğŸ˜€,1334105510,2024-07-31 13:11:18+00:00
,6919819178,-7314627100114271497,ğŸ‡®ğŸ‡¹ Programmazione e ğŸ¤¬ ğŸ˜€,1334105510,2024-07-29 20:40:45+00:00
,6483146836,8741477459268333649,ğŸ‡®ğŸ‡¹ Programmazione e ğŸ¤¬ ğŸ˜€,1334105510,2024-07-31 12:34:31+00:00
oksasjh,440161880,4508652636810842101,ğŸ‡®ğŸ‡¹ Programmazione e ğŸ¤¬ ğŸ˜€,1334105510,UserStatusRecently
sandral37,1274975183,4935116371347397157,ğŸ‡®ğŸ‡¹ Programmazione e ğŸ¤¬ ğŸ˜€,1334105510,UserStatusRecently
Alessandro19997,325923014,6801790728358324697,ğŸ‡®ğŸ‡¹ Programmazione e ğŸ¤¬ ğŸ˜€,1334105510,UserStatusRecently
Denise_Palumbo,864898329,1738975618258839009,ğŸ‡®ğŸ‡¹ Programmazione e ğŸ¤¬ ğŸ˜€,1334105510,2024-07-30 07:02:27+00:00
BluxyCento,842960330,5061694015717368868,ğŸ‡®ğŸ‡¹ Programmazione e ğŸ¤¬ ğŸ˜€,1334105510,UserStatusRecently
,1682195448,8944983133631940564,ğŸ‡®ğŸ‡¹ Programmazione e ğŸ¤¬ ğŸ˜€,1334105510,NoneType
neme47,842509009,-2252155231407174806,ğŸ‡®ğŸ‡¹ Programmazione e ğŸ¤¬ ğŸ˜€,1334105510,UserStatusRecently
ario_3s,242582925,-1867114435365111893,ğŸ‡®ğŸ‡¹ Programmazione e ğŸ¤¬ ğŸ˜€,1334105510,UserStatusRecently
RumbarSmash,362927060,-2040580926106745506,ğŸ‡®ğŸ‡¹ Programmazione e ğŸ¤¬ ğŸ˜€,1334105510,UserStatusRecently
,1460886208,-7457662472534191007,ğŸ‡®ğŸ‡¹ Programmazione e ğŸ¤¬ ğŸ˜€,1334105510,2024-07-15 20:23:54+00:00
Dragone55,1014978286,-7481193740011058805,ğŸ‡®ğŸ‡¹ Programmazione e ğŸ¤¬ ğŸ˜€,1334105510,2024-07-30 17:46:45+00:00
andre_vezz,788592612,5360803802760835737,ğŸ‡®ğŸ‡¹ Programmazione e ğŸ¤¬ ğŸ˜€,1334105510,UserStatusRecently
,1714367090,5661594011677131714,ğŸ‡®ğŸ‡¹ Programmazione e ğŸ¤¬ ğŸ˜€,1334105510,NoneType
KarmaT77T,503674724,3836961076182017941,ğŸ‡®ğŸ‡¹ Programmazione e ğŸ¤¬ ğŸ˜€,1334105510,UserStatusRecently
,5032261255,-3025556828133293958,ğŸ‡®ğŸ‡¹ Programmazione e ğŸ¤¬ ğŸ˜€,1334105510,UserStatusRecently
albicasty,72153025,4000386836722764417,ğŸ‡®ğŸ‡¹ Programmazione e ğŸ¤¬ ğŸ˜€,1334105510,UserStatusRecently
sart0r1us,421754791,-8412084194144069505,ğŸ‡®ğŸ‡¹ Programmazione e ğŸ¤¬ ğŸ˜€,1334105510,UserStatusRecently
Mirko17,351907860,4515650719911103184,ğŸ‡®ğŸ‡¹ Programmazione e ğŸ¤¬ ğŸ˜€,1334105510,UserStatusRecently
IXDID,703085954,4864834156989733363,ğŸ‡®ğŸ‡¹ Programmazione e ğŸ¤¬ ğŸ˜€,1334105510,UserStatusRecently
Aidziwisn,812578684,7300000379069707171,ğŸ‡®ğŸ‡¹ Programmazione e ğŸ¤¬ ğŸ˜€,1334105510,UserStatusRecently
porcidduzzo,850852714,3916499202485089559,ğŸ‡®ğŸ‡¹ Programmazione e ğŸ¤¬ ğŸ˜€,1334105510,2024-07-28 09:47:56+00:00
Mirkuzz02,488690859,521165104022050979,ğŸ‡®ğŸ‡¹ Programmazione e ğŸ¤¬ ğŸ˜€,1334105510,2024-07-15 17:52:15+00:00
DDYYvyr,6646213996,4307930554294088780,ğŸ‡®ğŸ‡¹ Programmazione e ğŸ¤¬ ğŸ˜€,1334105510,UserStatusLastWeek
,6800228085,4674802975557749609,ğŸ‡®ğŸ‡¹ Programmazione e ğŸ¤¬ ğŸ˜€,1334105510,NoneType
,1005399075,5204056945013664147,ğŸ‡®ğŸ‡¹ Programmazione e ğŸ¤¬ ğŸ˜€,1334105510,2024-07-30 11:11:17+00:00
waitfrank,690895508,-3302928478322577989,ğŸ‡®ğŸ‡¹ Programmazione e ğŸ¤¬ ğŸ˜€,1334105510,UserStatusRecently
,6957548121,6519308237127300971,ğŸ‡®ğŸ‡¹ Programmazione e ğŸ¤¬ ğŸ˜€,1334105510,2024-07-31 09:33:09+00:00
mirko_m,135124622,-5193190455294393543,ğŸ‡®ğŸ‡¹ Programmazione e ğŸ¤¬ ğŸ˜€,1334105510,UserStatusRecently
SimoGPA,781565636,5171380186136859274,ğŸ‡®ğŸ‡¹ Programmazione e ğŸ¤¬ ğŸ˜€,1334105510,UserStatusRecently
evertonblues,1422502411,-3055862722100392460,ğŸ‡®ğŸ‡¹ Programmazione e ğŸ¤¬ ğŸ˜€,1334105510,UserStatusRecently
,6417763607,-3109999714866489069,ğŸ‡®ğŸ‡¹ Programmazione e ğŸ¤¬ ğŸ˜€,1334105510,NoneType
,6833648950,193186163987335433,ğŸ‡®ğŸ‡¹ Programmazione e ğŸ¤¬ ğŸ˜€,1334105510,2024-04-29 09:51:20+00:00
bocaxbiblew,919091829,4417049818083522370,ğŸ‡®ğŸ‡¹ Programmazione e ğŸ¤¬ ğŸ˜€,1334105510,UserStatusRecently
ilchiccorico,332183790,8400550237915333526,ğŸ‡®ğŸ‡¹ Programmazione e ğŸ¤¬ ğŸ˜€,1334105510,2024-07-27 22:37:45+00:00
lIIlIIlIllIlIIlhtyy,98884163,-2322490368630382178,ğŸ‡®ğŸ‡¹ Programmazione e ğŸ¤¬ ğŸ˜€,1334105510,UserStatusRecently
Static3l,5880915508,-5104534349991895566,ğŸ‡®ğŸ‡¹ Programmazione e ğŸ¤¬ ğŸ˜€,1334105510,UserStatusLastMonth
huylee6578,6836926473,7074772575795456039,ğŸ‡®ğŸ‡¹ Programmazione e ğŸ¤¬ ğŸ˜€,1334105510,2024-07-03 19:25:49+00:00
,1886325471,3146926350373254784,ğŸ‡®ğŸ‡¹ Programmazione e ğŸ¤¬ ğŸ˜€,1334105510,UserStatusRecently
Kkkonfuz,476268139,479117778362998916,ğŸ‡®ğŸ‡¹ Programmazione e ğŸ¤¬ ğŸ˜€,1334105510,2024-07-09 11:56:20+00:00
dnlgrl,45915294,4498407167483436260,ğŸ‡®ğŸ‡¹ Programmazione e ğŸ¤¬ ğŸ˜€,1334105510,UserStatusRecently
shotinthedark28,958643184,8636474454810464595,ğŸ‡®ğŸ‡¹ Programmazione e ğŸ¤¬ ğŸ˜€,1334105510,UserStatusLastWeek
,5661894122,-3558155658946530399,ğŸ‡®ğŸ‡¹ Programmazione e ğŸ¤¬ ğŸ˜€,1334105510,2024-07-31 13:06:45+00:00
Omeima99,1045055165,-4333903944316547145,ğŸ‡®ğŸ‡¹ Programmazione e ğŸ¤¬ ğŸ˜€,1334105510,UserStatusLastMonth
Pinoskin22,866290091,-1072376516234392939,ğŸ‡®ğŸ‡¹ Programmazione e ğŸ¤¬ ğŸ˜€,1334105510,2024-07-31 12:41:44+00:00
,5853724578,438243261112318823,ğŸ‡®ğŸ‡¹ Programmazione e ğŸ¤¬ ğŸ˜€,1334105510,2024-07-28 15:45:00+00:00
,6607373671,-6610191259325024873,ğŸ‡®ğŸ‡¹ Programmazione e ğŸ¤¬ ğŸ˜€,1334105510,2023-11-21 17:54:00+00:00
Egytor,607644829,4600206827285706299,ğŸ‡®ğŸ‡¹ Programmazione e ğŸ¤¬ ğŸ˜€,1334105510,2024-07-22 19:07:20+00:00
bervef,310008182,2894359203153928594,ğŸ‡®ğŸ‡¹ Programmazione e ğŸ¤¬ ğŸ˜€,1334105510,2024-07-22 21:12:01+00:00
Jacopo1891,10143587,-6568271581988101682,ğŸ‡®ğŸ‡¹ Programmazione e ğŸ¤¬ ğŸ˜€,1334105510,UserStatusRecently
Ah2joS3znbvT,6472871808,2087797623374336851,ğŸ‡®ğŸ‡¹ Programmazione e ğŸ¤¬ ğŸ˜€,1334105510,UserStatusOnline
,5370229480,-1967288989295477252,ğŸ‡®ğŸ‡¹ Programmazione e ğŸ¤¬ ğŸ˜€,1334105510,2024-07-31 12:47:10+00:00
Luca464,445462494,-2353803174311415178,ğŸ‡®ğŸ‡¹ Programmazione e ğŸ¤¬ ğŸ˜€,1334105510,UserStatusRecently
XgLadiator90,5753367972,-4439380346608294934,ğŸ‡®ğŸ‡¹ Programmazione e ğŸ¤¬ ğŸ˜€,1334105510,2024-07-31 11:27:03+00:00
vincidan39,913101288,-8839690647288400142,ğŸ‡®ğŸ‡¹ Programmazione e ğŸ¤¬ ğŸ˜€,1334105510,UserStatusRecently
rmascetti,675235568,2221699429027878427,ğŸ‡®ğŸ‡¹ Programmazione e ğŸ¤¬ ğŸ˜€,1334105510,UserStatusRecently
Ferlosser,652518143,3337427649015525140,ğŸ‡®ğŸ‡¹ Programmazione e ğŸ¤¬ ğŸ˜€,1334105510,UserStatusLastWeek
fr4d1s,939355405,-2681480930657713605,ğŸ‡®ğŸ‡¹ Programmazione e ğŸ¤¬ ğŸ˜€,1334105510,UserStatusRecently
FrancescoFichera,430738210,-4644887578009125385,ğŸ‡®ğŸ‡¹ Programmazione e ğŸ¤¬ ğŸ˜€,1334105510,UserStatusRecently
beab15,201477129,9010615852159563935,ğŸ‡®ğŸ‡¹ Programmazione e ğŸ¤¬ ğŸ˜€,1334105510,UserStatusRecently
,5199714463,2109583011322219510,ğŸ‡®ğŸ‡¹ Programmazione e ğŸ¤¬ ğŸ˜€,1334105510,NoneType
,1439971414,-4879614543667139294,ğŸ‡®ğŸ‡¹ Programmazione e ğŸ¤¬ ğŸ˜€,1334105510,UserStatusLastMonth
mrc4k3,1209872454,-7710295138203872352,ğŸ‡®ğŸ‡¹ Programmazione e ğŸ¤¬ ğŸ˜€,1334105510,UserStatusRecently
GnuYessMan,426620398,3294545483372541407,ğŸ‡®ğŸ‡¹ Programmazione e ğŸ¤¬ ğŸ˜€,1334105510,UserStatusRecently
lydia_eklou,1484356606,-3150335966788247678,ğŸ‡®ğŸ‡¹ Programmazione e ğŸ¤¬ ğŸ˜€,1334105510,UserStatusRecently
Thejailbreaker,188559346,-7155085742191324672,ğŸ‡®ğŸ‡¹ Programmazione e ğŸ¤¬ ğŸ˜€,1334105510,2024-07-28 06:51:14+00:00
AlexKouadio,6118631771,6314766063943071129,ğŸ‡®ğŸ‡¹ Programmazione e ğŸ¤¬ ğŸ˜€,1334105510,2024-07-28 15:16:43+00:00
,1726217243,9069290704433260922,ğŸ‡®ğŸ‡¹ Programmazione e ğŸ¤¬ ğŸ˜€,1334105510,NoneType
fifasbuffo,5610271324,613141819377605350,ğŸ‡®ğŸ‡¹ Programmazione e ğŸ¤¬ ğŸ˜€,1334105510,2024-07-30 15:37:58+00:00
lagepi,1914214812,1601012641073379370,ğŸ‡®ğŸ‡¹ Programmazione e ğŸ¤¬ ğŸ˜€,1334105510,NoneType
panafede,451649689,-5506102660462276325,ğŸ‡®ğŸ‡¹ Programmazione e ğŸ¤¬ ğŸ˜€,1334105510,UserStatusRecently
amdir95,127700629,3055409563337834917,ğŸ‡®ğŸ‡¹ Programmazione e ğŸ¤¬ ğŸ˜€,1334105510,2024-07-31 10:03:42+00:00
pastoreCarmine,162467201,-7451298532507456876,ğŸ‡®ğŸ‡¹ Programmazione e ğŸ¤¬ ğŸ˜€,1334105510,UserStatusRecently
arl8991,971893605,3496151208105643205,ğŸ‡®ğŸ‡¹ Programmazione e ğŸ¤¬ ğŸ˜€,1334105510,2024-07-29 17:51:18+00:00
cammiill,537645855,-4377345926414735166,ğŸ‡®ğŸ‡¹ Programmazione e ğŸ¤¬ ğŸ˜€,1334105510,UserStatusRecently
Mr_Hodlerr,125474080,8657251721849963692,ğŸ‡®ğŸ‡¹ Programmazione e ğŸ¤¬ ğŸ˜€,1334105510,UserStatusRecently
Nicolasvedels,5531815877,-5177037743433400566,ğŸ‡®ğŸ‡¹ Programmazione e ğŸ¤¬ ğŸ˜€,1334105510,2024-03-10 00:28:39+00:00
sasaplay2212,908861597,6872543259012795026,ğŸ‡®ğŸ‡¹ Programmazione e ğŸ¤¬ ğŸ˜€,1334105510,UserStatusRecently
marioschiava02,873163692,7173735236604279172,ğŸ‡®ğŸ‡¹ Programmazione e ğŸ¤¬ ğŸ˜€,1334105510,2024-07-31 12:36:44+00:00
gabbo2607,1062931410,-5664287737610983626,ğŸ‡®ğŸ‡¹ Programmazione e ğŸ¤¬ ğŸ˜€,1334105510,2024-07-31 09:23:03+00:00
Due_jack,1792168653,3556450634952395407,ğŸ‡®ğŸ‡¹ Programmazione e ğŸ¤¬ ğŸ˜€,1334105510,2024-07-23 12:48:07+00:00
pepposssss,517021063,4976203943872665841,ğŸ‡®ğŸ‡¹ Programmazione e ğŸ¤¬ ğŸ˜€,1334105510,2024-07-27 23:25:28+00:00
,5732707938,4797677302545551910,ğŸ‡®ğŸ‡¹ Programmazione e ğŸ¤¬ ğŸ˜€,1334105510,2024-02-04 07:39:30+00:00
zewan22,5031358969,-2482000378682875342,ğŸ‡®ğŸ‡¹ Programmazione e ğŸ¤¬ ğŸ˜€,1334105510,UserStatusRecently
DDaniel9,41329573,8904892613944324738,ğŸ‡®ğŸ‡¹ Programmazione e ğŸ¤¬ ğŸ˜€,1334105510,UserStatusRecently
Nicolequed,1956514533,-5883481732196107604,ğŸ‡®ğŸ‡¹ Programmazione e ğŸ¤¬ ğŸ˜€,1334105510,2024-07-26 13:34:31+00:00
Serignepower23,569873368,-7315683838773817744,ğŸ‡®ğŸ‡¹ Programmazione e ğŸ¤¬ ğŸ˜€,1334105510,2024-07-31 00:13:38+00:00
Metriotita,1060985067,-4099613847835446788,ğŸ‡®ğŸ‡¹ Programmazione e ğŸ¤¬ ğŸ˜€,1334105510,2024-07-31 12:25:27+00:00
Vincenzo22082006,677717703,4454650435656386546,ğŸ‡®ğŸ‡¹ Programmazione e ğŸ¤¬ ğŸ˜€,1334105510,UserStatusRecently
haobakeyixing,824380552,3169933437849287661,ğŸ‡®ğŸ‡¹ Programmazione e ğŸ¤¬ ğŸ˜€,1334105510,UserStatusRecently
Lukasss93,10081232,-6359251677617024926,ğŸ‡®ğŸ‡¹ Programmazione e ğŸ¤¬ ğŸ˜€,1334105510,UserStatusRecently
,1293032445,-8930947469921513808,ğŸ‡®ğŸ‡¹ Programmazione e ğŸ¤¬ ğŸ˜€,1334105510,UserStatusRecently
Blackark_TheKirinTavern,807527602,-3423610179638565408,ğŸ‡®ğŸ‡¹ Programmazione e ğŸ¤¬ ğŸ˜€,1334105510,2024-07-30 22:41:46+00:00
DevilDA83,458971703,-1959065774142897760,ğŸ‡®ğŸ‡¹ Programmazione e ğŸ¤¬ ğŸ˜€,1334105510,2024-07-31 13:17:44+00:00
zed_III,2140134307,-8547793987020020870,ğŸ‡®ğŸ‡¹ Programmazione e ğŸ¤¬ ğŸ˜€,1334105510,UserStatusRecently
DRAGOTIA,855390047,3866025664788861503,ğŸ‡®ğŸ‡¹ Programmazione e ğŸ¤¬ ğŸ˜€,1334105510,2024-07-31 12:56:23+00:00
torzi_gz,1373874819,-3214366591506320473,ğŸ‡®ğŸ‡¹ Programmazione e ğŸ¤¬ ğŸ˜€,1334105510,UserStatusRecently
Dar77io,533382521,-109879217233975252,ğŸ‡®ğŸ‡¹ Programmazione e ğŸ¤¬ ğŸ˜€,1334105510,UserStatusRecently
TiaOtto,1672711708,6508909073774090000,ğŸ‡®ğŸ‡¹ Programmazione e ğŸ¤¬ ğŸ˜€,1334105510,2024-07-31 12:11:17+00:00
acsramos,652211938,1950405503497675163,ğŸ‡®ğŸ‡¹ Programmazione e ğŸ¤¬ ğŸ˜€,1334105510,2024-02-25 18:09:01+00:00
AgcCoffinRing,860747238,3697674211236850487,ğŸ‡®ğŸ‡¹ Programmazione e ğŸ¤¬ ğŸ˜€,1334105510,2024-07-28 16:20:01+00:00
Teocoles,407763646,-5915217005514427538,ğŸ‡®ğŸ‡¹ Programmazione e ğŸ¤¬ ğŸ˜€,1334105510,UserStatusLastWeek
Wh1te_Eagle,544480087,-7152433224571747557,ğŸ‡®ğŸ‡¹ Programmazione e ğŸ¤¬ ğŸ˜€,1334105510,2024-07-31 03:02:34+00:00
dnfbnsks,5947958029,5879082247096191501,ğŸ‡®ğŸ‡¹ Programmazione e ğŸ¤¬ ğŸ˜€,1334105510,2023-10-18 18:12:26+00:00
mr_qwenty,493214587,660490486489108700,ğŸ‡®ğŸ‡¹ Programmazione e ğŸ¤¬ ğŸ˜€,1334105510,UserStatusRecently
QWERTY88hh,85067396,8756864798446990726,ğŸ‡®ğŸ‡¹ Programmazione e ğŸ¤¬ ğŸ˜€,1334105510,2024-07-31 12:56:53+00:00
,5202134378,6530938883802205412,ğŸ‡®ğŸ‡¹ Programmazione e ğŸ¤¬ ğŸ˜€,1334105510,2024-05-15 20:16:24+00:00
lookup1289,1701898168,4599191993614172851,ğŸ‡®ğŸ‡¹ Programmazione e ğŸ¤¬ ğŸ˜€,1334105510,2024-07-31 12:17:22+00:00
FrahPan,757342873,7168721748968214631,ğŸ‡®ğŸ‡¹ Programmazione e ğŸ¤¬ ğŸ˜€,1334105510,UserStatusRecently
Luciodc1978,5855936271,-4384494542943753937,ğŸ‡®ğŸ‡¹ Programmazione e ğŸ¤¬ ğŸ˜€,1334105510,2024-07-31 05:28:16+00:00
,5036665062,5403532318743319387,ğŸ‡®ğŸ‡¹ Programmazione e ğŸ¤¬ ğŸ˜€,1334105510,UserStatusRecently
Schiavizzato,163498627,-9112601658232900001,ğŸ‡®ğŸ‡¹ Programmazione e ğŸ¤¬ ğŸ˜€,1334105510,UserStatusRecently
,5700683889,-2130226676776718244,ğŸ‡®ğŸ‡¹ Programmazione e ğŸ¤¬ ğŸ˜€,1334105510,2024-07-10 11:34:14+00:00
toreddu91,533987734,1045356667640941311,ğŸ‡®ğŸ‡¹ Programmazione e ğŸ¤¬ ğŸ˜€,1334105510,UserStatusRecently
sa76rs,799993373,-6481128712462350760,ğŸ‡®ğŸ‡¹ Programmazione e ğŸ¤¬ ğŸ˜€,1334105510,UserStatusRecently
Antonio12354,68881709,-3658153365058650979,ğŸ‡®ğŸ‡¹ Programmazione e ğŸ¤¬ ğŸ˜€,1334105510,2024-07-24 14:31:36+00:00
DirectorSaraD,993589846,-5027834713075163178,ğŸ‡®ğŸ‡¹ Programmazione e ğŸ¤¬ ğŸ˜€,1334105510,UserStatusRecently
,12852790,-6796258796600684287,ğŸ‡®ğŸ‡¹ Programmazione e ğŸ¤¬ ğŸ˜€,1334105510,UserStatusRecently
Rush3107,1256304246,-6792751895938100456,ğŸ‡®ğŸ‡¹ Programmazione e ğŸ¤¬ ğŸ˜€,1334105510,2024-07-29 18:22:36+00:00
alghilani89,1244456028,-3904482615494511110,ğŸ‡®ğŸ‡¹ Programmazione e ğŸ¤¬ ğŸ˜€,1334105510,2024-07-31 11:04:09+00:00
jackboy5,1107229874,4329831585409727485,ğŸ‡®ğŸ‡¹ Programmazione e ğŸ¤¬ ğŸ˜€,1334105510,2024-05-24 20:01:12+00:00
cisciarp,1292926549,5658018232491624305,ğŸ‡®ğŸ‡¹ Programmazione e ğŸ¤¬ ğŸ˜€,1334105510,2024-07-15 22:53:36+00:00
,5532880180,6780556019885825047,ğŸ‡®ğŸ‡¹ Programmazione e ğŸ¤¬ ğŸ˜€,1334105510,2024-06-27 18:55:19+00:00
teodegiu,675032409,-4796075033084491757,ğŸ‡®ğŸ‡¹ Programmazione e ğŸ¤¬ ğŸ˜€,1334105510,UserStatusRecently
Ilary_grim,98852182,-3322874839255611517,ğŸ‡®ğŸ‡¹ Programmazione e ğŸ¤¬ ğŸ˜€,1334105510,UserStatusLastWeek
mvilla76,1442972568,3926174454222396276,ğŸ‡®ğŸ‡¹ Programmazione e ğŸ¤¬ ğŸ˜€,1334105510,2024-04-30 20:22:06+00:00
Francescocalculli,128300880,-4337340642778355743,ğŸ‡®ğŸ‡¹ Programmazione e ğŸ¤¬ ğŸ˜€,1334105510,2024-07-31 06:24:01+00:00
ale4456,1474072868,5564531244852176560,ğŸ‡®ğŸ‡¹ Programmazione e ğŸ¤¬ ğŸ˜€,1334105510,2024-07-31 11:59:25+00:00
francesco099,692939495,4203360671254413294,ğŸ‡®ğŸ‡¹ Programmazione e ğŸ¤¬ ğŸ˜€,1334105510,UserStatusRecently
Leopard_2k21,2090740655,2384045793617748798,ğŸ‡®ğŸ‡¹ Programmazione e ğŸ¤¬ ğŸ˜€,1334105510,UserStatusLastMonth
Frank18y,1941876250,5047031195706490230,ğŸ‡®ğŸ‡¹ Programmazione e ğŸ¤¬ ğŸ˜€,1334105510,2024-07-30 18:30:09+00:00
L0o195,340796291,-5986610390883429992,ğŸ‡®ğŸ‡¹ Programmazione e ğŸ¤¬ ğŸ˜€,1334105510,2024-07-18 11:13:29+00:00
IndritGjonaj,413225153,8927368014457672421,ğŸ‡®ğŸ‡¹ Programmazione e ğŸ¤¬ ğŸ˜€,1334105510,2024-07-28 07:37:36+00:00
midharduk,5647460694,3732251027260473025,ğŸ‡®ğŸ‡¹ Programmazione e ğŸ¤¬ ğŸ˜€,1334105510,2024-07-16 16:07:08+00:00
Diego0606,154988718,5738467317908725647,ğŸ‡®ğŸ‡¹ Programmazione e ğŸ¤¬ ğŸ˜€,1334105510,UserStatusRecently
kukutx,1335819668,-5861283465553053686,ğŸ‡®ğŸ‡¹ Programmazione e ğŸ¤¬ ğŸ˜€,1334105510,2024-07-29 22:46:11+00:00
mattiatelegram,19272454,-3626946846279121590,ğŸ‡®ğŸ‡¹ Programmazione e ğŸ¤¬ ğŸ˜€,1334105510,UserStatusRecently
prismk95,1084014663,9133031936031891901,ğŸ‡®ğŸ‡¹ Programmazione e ğŸ¤¬ ğŸ˜€,1334105510,UserStatusRecently
Leo_0821,540601901,-6111866056190436728,ğŸ‡®ğŸ‡¹ Programmazione e ğŸ¤¬ ğŸ˜€,1334105510,2024-07-29 10:49:36+00:00
gabriy93,5423342672,6832537703344227179,ğŸ‡®ğŸ‡¹ Programmazione e ğŸ¤¬ ğŸ˜€,1334105510,NoneType
,1436418529,-2269371428601553309,ğŸ‡®ğŸ‡¹ Programmazione e ğŸ¤¬ ğŸ˜€,1334105510,UserStatusRecently
Agostino_15,654406209,-198236658855352368,ğŸ‡®ğŸ‡¹ Programmazione e ğŸ¤¬ ğŸ˜€,1334105510,2024-07-30 23:26:25+00:00
EmaB04,892973214,-86513604164199477,ğŸ‡®ğŸ‡¹ Programmazione e ğŸ¤¬ ğŸ˜€,1334105510,UserStatusRecently
,398771253,3997408700905465818,ğŸ‡®ğŸ‡¹ Programmazione e ğŸ¤¬ ğŸ˜€,1334105510,UserStatusLastMonth
RaffaeleDoti,362695069,6974567576065220620,ğŸ‡®ğŸ‡¹ Programmazione e ğŸ¤¬ ğŸ˜€,1334105510,2024-07-12 12:46:56+00:00
stocazzo23468844,5098734094,-6608468363973688883,ğŸ‡®ğŸ‡¹ Programmazione e ğŸ¤¬ ğŸ˜€,1334105510,UserStatusLastWeek
,1083211070,1283035308479206769,ğŸ‡®ğŸ‡¹ Programmazione e ğŸ¤¬ ğŸ˜€,1334105510,UserStatusLastMonth
Biverr,1028117835,-1375526880804300332,ğŸ‡®ğŸ‡¹ Programmazione e ğŸ¤¬ ğŸ˜€,1334105510,UserStatusLastMonth
MRS_SMMA,880430753,5903834683069118819,ğŸ‡®ğŸ‡¹ Programmazione e ğŸ¤¬ ğŸ˜€,1334105510,UserStatusRecently
mertn27,1894469692,-370907831232490205,ğŸ‡®ğŸ‡¹ Programmazione e ğŸ¤¬ ğŸ˜€,1334105510,UserStatusRecently
silenzio_imperfetto,268782647,506598067941700548,ğŸ‡®ğŸ‡¹ Programmazione e ğŸ¤¬ ğŸ˜€,1334105510,UserStatusRecently
Ilpiattodelgiornodi,1068740333,-4750811914210433586,ğŸ‡®ğŸ‡¹ Programmazione e ğŸ¤¬ ğŸ˜€,1334105510,2024-02-18 10:51:46+00:00
fraquito7,820926346,9070861536439492271,ğŸ‡®ğŸ‡¹ Programmazione e ğŸ¤¬ ğŸ˜€,1334105510,2024-07-29 17:12:58+00:00
Simo_1234567,149338005,6046304645937060944,ğŸ‡®ğŸ‡¹ Programmazione e ğŸ¤¬ ğŸ˜€,1334105510,2024-07-31 11:49:29+00:00
m_maaatt,429592202,486108538108567276,ğŸ‡®ğŸ‡¹ Programmazione e ğŸ¤¬ ğŸ˜€,1334105510,UserStatusRecently
,738614346,6043186147300916244,ğŸ‡®ğŸ‡¹ Programmazione e ğŸ¤¬ ğŸ˜€,1334105510,2024-07-31 12:57:42+00:00
views_seller,2090754282,2819285873610042832,ğŸ‡®ğŸ‡¹ Programmazione e ğŸ¤¬ ğŸ˜€,1334105510,2024-07-29 12:07:14+00:00
nicolab67,902625537,8145118437554685085,ğŸ‡®ğŸ‡¹ Programmazione e ğŸ¤¬ ğŸ˜€,1334105510,UserStatusLastMonth
SlyHorus,300180963,-6884931443968450440,ğŸ‡®ğŸ‡¹ Programmazione e ğŸ¤¬ ğŸ˜€,1334105510,UserStatusRecently
d3lp_9,439023237,6279436208245589967,ğŸ‡®ğŸ‡¹ Programmazione e ğŸ¤¬ ğŸ˜€,1334105510,UserStatusRecently
,191044063,1146619432363376114,ğŸ‡®ğŸ‡¹ Programmazione e ğŸ¤¬ ğŸ˜€,1334105510,2024-07-31 09:59:34+00:00
Stimmyreal,1797828168,-8975486897641844058,ğŸ‡®ğŸ‡¹ Programmazione e ğŸ¤¬ ğŸ˜€,1334105510,2024-07-31 06:05:54+00:00
,273957220,3425146254422135676,ğŸ‡®ğŸ‡¹ Programmazione e ğŸ¤¬ ğŸ˜€,1334105510,UserStatusRecently
arturoaddesso,1045162665,5992420294742194469,ğŸ‡®ğŸ‡¹ Programmazione e ğŸ¤¬ ğŸ˜€,1334105510,2024-07-30 01:34:47+00:00
Vegetax87,1017468041,2648315550863766000,ğŸ‡®ğŸ‡¹ Programmazione e ğŸ¤¬ ğŸ˜€,1334105510,UserStatusLastMonth
nonsonofotogenico,347597909,-8360105854079493235,ğŸ‡®ğŸ‡¹ Programmazione e ğŸ¤¬ ğŸ˜€,1334105510,UserStatusRecently
andreajuve16,934903982,-2236896093468501701,ğŸ‡®ğŸ‡¹ Programmazione e ğŸ¤¬ ğŸ˜€,1334105510,2024-07-31 13:18:11+00:00
,5101477742,7747040052103758377,ğŸ‡®ğŸ‡¹ Programmazione e ğŸ¤¬ ğŸ˜€,1334105510,2024-07-12 21:21:17+00:00
andrearanica,661616228,6566859643301099060,ğŸ‡®ğŸ‡¹ Programmazione e ğŸ¤¬ ğŸ˜€,1334105510,2024-07-16 08:39:56+00:00
franknov,288136591,1402961151340039740,ğŸ‡®ğŸ‡¹ Programmazione e ğŸ¤¬ ğŸ˜€,1334105510,2024-07-31 11:54:20+00:00
DianaBerna,80670283,6720906133026068541,ğŸ‡®ğŸ‡¹ Programmazione e ğŸ¤¬ ğŸ˜€,1334105510,UserStatusRecently
biaaaaa23,276226471,6089693678685688138,ğŸ‡®ğŸ‡¹ Programmazione e ğŸ¤¬ ğŸ˜€,1334105510,UserStatusRecently
emanuelegallerani,482996523,8148840937426379293,ğŸ‡®ğŸ‡¹ Programmazione e ğŸ¤¬ ğŸ˜€,1334105510,2024-07-05 08:03:33+00:00
encaussee,769217078,5935115162683808240,ğŸ‡®ğŸ‡¹ Programmazione e ğŸ¤¬ ğŸ˜€,1334105510,UserStatusRecently
MsLory,1435388861,441362052849132070,ğŸ‡®ğŸ‡¹ Programmazione e ğŸ¤¬ ğŸ˜€,1334105510,2024-07-26 14:13:22+00:00
I_Am_Matte,144234714,-8472341131669805966,ğŸ‡®ğŸ‡¹ Programmazione e ğŸ¤¬ ğŸ˜€,1334105510,2024-07-27 08:42:33+00:00
nullaaaaaaa,605932128,2062489843158774130,ğŸ‡®ğŸ‡¹ Programmazione e ğŸ¤¬ ğŸ˜€,1334105510,UserStatusRecently
Brended,196361374,2118718361200113142,ğŸ‡®ğŸ‡¹ Programmazione e ğŸ¤¬ ğŸ˜€,1334105510,2024-07-23 13:28:31+00:00
MarviCode,363294329,-550074667480385701,ğŸ‡®ğŸ‡¹ Programmazione e ğŸ¤¬ ğŸ˜€,1334105510,UserStatusRecently
rick699,1255796198,-7939008409056103445,ğŸ‡®ğŸ‡¹ Programmazione e ğŸ¤¬ ğŸ˜€,1334105510,NoneType
qdbpdqpb,248368950,2982481029787992518,ğŸ‡®ğŸ‡¹ Programmazione e ğŸ¤¬ ğŸ˜€,1334105510,UserStatusRecently
Ferrax12,189692416,883923324115683365,ğŸ‡®ğŸ‡¹ Programmazione e ğŸ¤¬ ğŸ˜€,1334105510,2024-07-30 19:31:26+00:00
,745565747,-3842391238967759950,ğŸ‡®ğŸ‡¹ Programmazione e ğŸ¤¬ ğŸ˜€,1334105510,2024-07-20 13:45:03+00:00
,10989960,-2561283375497503878,ğŸ‡®ğŸ‡¹ Programmazione e ğŸ¤¬ ğŸ˜€,1334105510,UserStatusRecently
saiberj,862348026,-6327854793903916537,ğŸ‡®ğŸ‡¹ Programmazione e ğŸ¤¬ ğŸ˜€,1334105510,2024-07-31 12:51:49+00:00
Intertz,504863877,9043055400066258430,ğŸ‡®ğŸ‡¹ Programmazione e ğŸ¤¬ ğŸ˜€,1334105510,UserStatusRecently
idgaf_N,201610930,-7585839675076312848,ğŸ‡®ğŸ‡¹ Programmazione e ğŸ¤¬ ğŸ˜€,1334105510,UserStatusRecently
SalNinja1994,1037544301,-6614109917160319441,ğŸ‡®ğŸ‡¹ Programmazione e ğŸ¤¬ ğŸ˜€,1334105510,UserStatusRecently
Peppe_Ariakas,524575020,2642693540857605763,ğŸ‡®ğŸ‡¹ Programmazione e ğŸ¤¬ ğŸ˜€,1334105510,2024-07-31 13:19:05+00:00
enigmista,75642519,-7239088579827286434,ğŸ‡®ğŸ‡¹ Programmazione e ğŸ¤¬ ğŸ˜€,1334105510,UserStatusRecently
Amad3us1077,1100818525,3686872669620491506,ğŸ‡®ğŸ‡¹ Programmazione e ğŸ¤¬ ğŸ˜€,1334105510,2024-07-31 02:51:19+00:00
,854913685,1746311564890688467,ğŸ‡®ğŸ‡¹ Programmazione e ğŸ¤¬ ğŸ˜€,1334105510,UserStatusRecently
,1269374655,3371232414271266884,ğŸ‡®ğŸ‡¹ Programmazione e ğŸ¤¬ ğŸ˜€,1334105510,UserStatusRecently
Fedemarro,183435356,5197399639124364673,ğŸ‡®ğŸ‡¹ Programmazione e ğŸ¤¬ ğŸ˜€,1334105510,UserStatusRecently
elemeit,1006267242,7909250692412017413,ğŸ‡®ğŸ‡¹ Programmazione e ğŸ¤¬ ğŸ˜€,1334105510,2024-07-27 15:13:56+00:00
,850958944,-6841817101972979060,ğŸ‡®ğŸ‡¹ Programmazione e ğŸ¤¬ ğŸ˜€,1334105510,NoneType
,475933510,6575169886301336097,ğŸ‡®ğŸ‡¹ Programmazione e ğŸ¤¬ ğŸ˜€,1334105510,2024-07-31 05:56:31+00:00
mikorso67,639732156,7116021150114659958,ğŸ‡®ğŸ‡¹ Programmazione e ğŸ¤¬ ğŸ˜€,1334105510,2024-07-27 22:12:52+00:00
killrun,42162961,-517526070820389095,ğŸ‡®ğŸ‡¹ Programmazione e ğŸ¤¬ ğŸ˜€,1334105510,2024-07-30 19:42:18+00:00
Corriere11,195965286,-2823681323766244374,ğŸ‡®ğŸ‡¹ Programmazione e ğŸ¤¬ ğŸ˜€,1334105510,UserStatusLastMonth
Jass323232,847753588,2670974237971520080,ğŸ‡®ğŸ‡¹ Programmazione e ğŸ¤¬ ğŸ˜€,1334105510,NoneType
tornadobit,470738793,7091422240375307892,ğŸ‡®ğŸ‡¹ Programmazione e ğŸ¤¬ ğŸ˜€,1334105510,UserStatusRecently
Salvo95x,920811288,-7753903627459523765,ğŸ‡®ğŸ‡¹ Programmazione e ğŸ¤¬ ğŸ˜€,1334105510,2024-07-28 16:09:41+00:00
GioTrev,773994260,-3625970407085111984,ğŸ‡®ğŸ‡¹ Programmazione e ğŸ¤¬ ğŸ˜€,1334105510,UserStatusLastWeek
gabpz,572326438,-4730572908664816502,ğŸ‡®ğŸ‡¹ Programmazione e ğŸ¤¬ ğŸ˜€,1334105510,UserStatusRecently
